ticker,median_bars_per_day,trading_days,total_returns,liquidity_class
AA,388.0,139,53377,eval_eligible
AAL,389.0,139,53619,eval_eligible
AAN,319.0,139,43754,train_only
AAP,345.0,139,46713,train_only
AAT,163.0,139,24770,excluded
AAXN,306.0,139,41614,train_only
ABCB,202.0,139,29338,excluded
ABM,179.0,139,26239,excluded
ABMD,301.0,139,41494,train_only
ACA,164.0,139,23896,excluded
ACAD,369.0,139,50313,eval_eligible
ACC,272.0,139,38791,excluded
ACHC,287.0,139,39563,train_only
ACIW,287.0,139,39554,train_only
ACM,352.0,139,47851,eval_eligible
ADC,187.0,139,26882,excluded
ADPT,289.0,139,38441,train_only
ADS,327.0,139,44422,train_only
ADT,337.0,139,45578,train_only
ADUS,95.0,139,14996,excluded
AEIS,178.0,139,24733,excluded
AEL,230.0,139,33113,excluded
AEO,389.0,139,53439,eval_eligible
AER,316.0,139,43424,train_only
AES,387.0,139,53256,eval_eligible
AFG,183.0,139,26083,excluded
AGCO,264.0,139,36528,excluded
AGIO,299.0,139,40978,train_only
AGNC,387.0,139,53117,eval_eligible
AGO,252.0,139,34773,excluded
AIT,131.0,139,19042,excluded
AIV,342.0,139,46520,train_only
AIZ,226.0,139,31511,excluded
AJRD,242.0,139,33735,excluded
AKR,249.0,139,34034,excluded
AL,286.0,139,39885,train_only
ALB,381.0,139,52129,eval_eligible
ALE,155.0,139,23556,excluded
ALEC,190.0,139,28261,excluded
ALGT,83.0,139,15188,excluded
ALK,359.0,139,47992,eval_eligible
ALKS,357.0,139,48952,eval_eligible
ALLE,313.0,139,42213,train_only
ALLK,169.0,139,25064,excluded
ALLO,237.0,139,31500,excluded
ALLY,387.0,139,53224,eval_eligible
ALRM,201.0,139,28998,excluded
ALSN,345.0,139,46863,train_only
ALV,284.0,139,36532,train_only
AMBA,301.0,139,40896,train_only
AMCX,282.0,139,39518,train_only
AMED,150.0,139,22058,excluded
AMG,292.0,139,40246,train_only
AMH,369.0,139,50386,eval_eligible
AMKR,314.0,139,43547,train_only
AMN,186.0,139,26802,excluded
AN,280.0,139,38612,train_only
ANGI,348.0,139,47063,train_only
AOS,369.0,139,49968,eval_eligible
APA,389.0,139,53556,eval_eligible
APAM,218.0,139,31872,excluded
APLE,358.0,139,49020,eval_eligible
APLS,288.0,139,39383,train_only
APTV,357.0,139,48411,eval_eligible
AQUA,252.0,139,36060,excluded
ARCC,365.0,139,50106,eval_eligible
ARI,324.0,139,44896,train_only
ARMK,362.0,139,49316,eval_eligible
ARNA,240.0,139,33766,excluded
ARNC,385.0,139,52842,eval_eligible
ARVN,156.0,139,22885,excluded
ARW,276.0,139,37516,excluded
ARWR,379.0,139,51924,eval_eligible
ASB,346.0,139,47106,train_only
ASGN,151.0,139,22780,excluded
ASH,261.0,139,36559,excluded
ATCO,289.5,16,4420,train_only
ATGE,228.0,139,31379,excluded
ATH,357.0,139,47761,eval_eligible
ATHM,297.0,139,39330,train_only
ATR,134.0,139,21813,excluded
ATSG,182.0,139,26954,excluded
AUB,160.0,139,23076,excluded
AVA,179.0,139,26555,excluded
AVAV,136.0,139,20813,excluded
AVLR,309.0,139,42793,train_only
AVNS,210.0,139,30081,excluded
AVT,333.0,139,45428,train_only
AVTR,368.0,139,50037,eval_eligible
AVY,262.0,139,35867,excluded
AWI,198.0,139,28748,excluded
AWR,157.0,139,22151,excluded
AXS,264.0,139,37004,excluded
AXTA,374.0,139,50684,eval_eligible
AY,212.0,139,30261,excluded
AYI,204.0,139,29195,excluded
AYX,379.0,139,51388,eval_eligible
AZPN,252.0,139,36161,excluded
B,389.0,139,53632,eval_eligible
BAH,359.0,139,48407,eval_eligible
BAND,129.0,139,20078,excluded
BANR,108.0,139,16462,excluded
BBIO,167.0,139,25457,excluded
BC,312.0,139,42591,train_only
BCO,167.0,139,25247,excluded
BDC,158.0,139,24346,excluded
BDN,341.0,139,46270,train_only
BECN,274.0,139,37922,excluded
BEN,387.0,139,53303,eval_eligible
BERY,356.0,139,47833,eval_eligible
BEST,327.0,139,43620,train_only
BFAM,163.0,139,24583,excluded
BG,319.0,139,44117,train_only
BGCP,358.0,139,48892,eval_eligible
BGS,360.0,139,49162,eval_eligible
BHF,343.0,139,47298,train_only
BHVN,291.0,139,38976,train_only
BILI,383.0,139,51912,eval_eligible
BILL,271.5,68,17773,excluded
BJ,364.0,139,49699,eval_eligible
BKH,210.0,139,29617,excluded
BKI,328.0,139,44004,train_only
BKU,277.0,139,38212,excluded
BL,256.0,139,34434,excluded
BLD,166.0,139,24895,excluded
BLDR,361.0,139,49546,eval_eligible
BLKB,162.0,139,24413,excluded
BLUE,341.0,139,45626,train_only
BMCH,211.0,139,30266,excluded
BOH,104.0,139,16991,excluded
BOKF,99.0,139,16716,excluded
BOX,356.0,139,48814,eval_eligible
BPMC,253.0,139,34614,excluded
BPOP,264.0,139,36134,excluded
BPY,289.0,139,40401,train_only
BRC,143.0,139,21626,excluded
BRKR,285.0,139,38068,train_only
BRKS,247.0,139,34280,excluded
BRX,375.0,139,51616,eval_eligible
BURL,309.0,139,42213,train_only
BWA,377.0,139,51473,eval_eligible
BWXT,239.0,139,33816,excluded
BXMT,320.0,139,44097,train_only
BXS,212.0,139,31365,excluded
BYND,389.0,139,52956,eval_eligible
BZUN,344.0,139,46509,train_only
CACC,73.0,139,12348,excluded
CALM,203.0,139,29221,excluded
CARG,341.0,139,44816,train_only
CASY,187.0,139,28287,excluded
CATM,221.0,139,32342,excluded
CATY,151.0,139,23313,excluded
CBRL,239.0,139,33794,excluded
CBSH,245.0,139,34940,excluded
CBT,183.0,139,26593,excluded
CBU,129.0,139,19883,excluded
CC,387.0,139,53132,eval_eligible
CCK,355.0,139,47898,eval_eligible
CCL,389.0,139,53538,eval_eligible
CCMP,150.0,139,22263,excluded
CCOI,157.0,139,24282,excluded
CCXI,261.0,139,35637,excluded
CDAY,332.0,139,44867,train_only
CDK,289.0,139,39768,train_only
CE,322.0,139,43935,train_only
CF,385.0,139,52689,eval_eligible
CFG,389.0,139,53513,eval_eligible
CFR,222.0,139,31380,excluded
CFX,359.0,139,48815,eval_eligible
CG,328.0,139,44541,train_only
CGNX,325.0,139,44885,train_only
CHDN,147.0,139,23174,excluded
CHGG,369.0,139,49408,eval_eligible
CHH,229.0,139,32460,excluded
CHNG,326.0,139,43103,train_only
CHRW,371.0,139,50167,eval_eligible
CIEN,383.0,139,52327,eval_eligible
CIM,329.0,139,45370,train_only
CIT,343.0,139,46480,train_only
CLDR,385.0,139,52847,eval_eligible
CLF,389.0,139,53538,eval_eligible
CLGX,259.0,139,36962,excluded
CLH,170.0,139,25513,excluded
CLI,242.0,139,35064,excluded
CLR,387.0,139,53041,eval_eligible
CMA,381.0,139,51835,eval_eligible
CMC,376.0,139,50907,eval_eligible
CMD,187.0,139,27101,excluded
CMP,167.0,139,24919,excluded
CMPR,152.0,139,22404,excluded
CNA,115.0,139,18686,excluded
CNMD,132.0,139,20972,excluded
CNO,348.0,139,47328,train_only
CNP,389.0,139,53529,eval_eligible
CNX,387.0,139,53129,eval_eligible
COG,389.0,139,53597,eval_eligible
COHR,375.0,139,50264,eval_eligible
COLB,147.0,139,22589,excluded
COLD,366.0,139,49938,eval_eligible
COLM,225.0,139,31674,excluded
COMM,387.0,139,52882,eval_eligible
CONE,331.0,139,44621,train_only
COR,356.0,139,48233,eval_eligible
CORE,159.0,139,23105,excluded
COTY,385.0,139,52824,eval_eligible
COUP,373.0,139,50457,eval_eligible
CPRI,387.0,139,53077,eval_eligible
CPT,266.0,139,37120,excluded
CR,172.0,139,25214,excluded
CREE,368.0,139,49690,eval_eligible
CRI,276.0,139,38285,excluded
CRL,200.0,139,28621,excluded
CRUS,296.0,139,40967,train_only
CRWD,387.0,139,52493,eval_eligible
CSFL,277.0,139,37129,excluded
CSGS,124.0,139,19009,excluded
CSII,170.0,139,23965,excluded
CSL,209.0,139,28820,excluded
CSOD,238.0,139,34269,excluded
CTLT,297.0,139,40266,train_only
CUB,163.0,139,23999,excluded
CUBE,373.0,139,50874,eval_eligible
CUZ,308.0,139,41736,train_only
CVA,300.0,139,41609,train_only
CVBF,260.0,139,37199,excluded
CVI,281.0,139,39047,train_only
CVLT,257.0,139,36327,excluded
CVNA,367.0,139,49747,eval_eligible
CW,114.0,139,18112,excluded
CWK,209.0,139,30831,excluded
CWST,150.0,139,23285,excluded
CWT,155.0,139,21758,excluded
CXO,385.0,139,52706,eval_eligible
CXP,259.0,139,35586,excluded
CXW,321.0,139,43344,train_only
CY,374.0,139,50850,eval_eligible
CYBR,309.0,139,41867,train_only
CZR,357.0,139,48581,eval_eligible
CZZ,330.0,139,44248,train_only
DAR,305.0,139,42322,train_only
DBX,389.0,139,53389,eval_eligible
DCI,233.0,139,32995,excluded
DCPH,238.0,139,32405,excluded
DDOG,379.0,127,46820,eval_eligible
DEA,276.0,139,38775,excluded
DECK,263.0,139,35719,excluded
DEI,319.0,139,42903,train_only
DIOD,228.0,139,30557,excluded
DISCA,389.0,139,53270,eval_eligible
DISH,379.0,139,51785,eval_eligible
DKS,377.0,139,51687,eval_eligible
DLB,191.0,139,27808,excluded
DNKN,298.0,139,41837,train_only
DNLI,173.0,139,26987,excluded
DOC,389.0,139,53092,eval_eligible
DOX,298.0,139,40179,train_only
DOYU,305.0,139,40976,train_only
DRI,375.0,139,51150,eval_eligible
DRQ,179.0,139,27094,excluded
DT,352.0,139,46663,eval_eligible
DVA,375.0,139,50875,eval_eligible
DVN,389.0,139,53627,eval_eligible
DXC,389.0,139,53481,eval_eligible
EAF,363.0,139,49837,eval_eligible
EBS,194.0,139,27634,excluded
EDIT,305.0,139,41851,train_only
EEFT,219.0,139,32153,excluded
EGHT,358.0,139,48819,eval_eligible
EGOV,177.0,139,25230,excluded
EGP,120.0,139,18311,excluded
EHC,279.0,139,38882,excluded
EHTH,305.0,139,41273,train_only
ELAN,385.0,139,52425,eval_eligible
ELS,303.0,139,40306,train_only
EME,161.0,139,24569,excluded
EMN,359.0,139,48402,eval_eligible
ENR,315.0,139,43420,train_only
ENS,159.0,139,23016,excluded
ENSG,157.0,139,23454,excluded
ENTG,330.0,139,44265,train_only
ENV,205.0,139,29121,excluded
EPAC,215.0,139,30352,excluded
EPAM,161.0,139,23822,excluded
EPAY,165.0,139,24147,excluded
EPC,273.0,139,37720,excluded
EPZM,301.0,139,40120,train_only
EQC,236.0,139,34310,excluded
EQH,383.0,139,52212,eval_eligible
EQM,311.0,139,41960,train_only
EQT,389.0,139,53434,eval_eligible
ESI,356.0,139,48418,eval_eligible
ESNT,261.0,139,37489,excluded
ESRT,294.0,139,41167,train_only
ESTC,353.0,139,47013,eval_eligible
ETFC,387.0,139,53034,eval_eligible
ETRN,387.0,139,53302,eval_eligible
ETSY,387.0,139,53236,eval_eligible
EV,276.0,139,38577,excluded
EVR,257.0,139,35376,excluded
EVTC,176.0,139,26397,excluded
EWBC,348.0,139,47110,train_only
EXEL,387.0,139,53361,eval_eligible
EXP,209.0,139,29672,excluded
EXPE,385.0,139,52723,eval_eligible
EXPO,136.0,139,19454,excluded
EYE,305.0,139,41302,train_only
FAF,298.0,139,40674,train_only
FANG,385.0,139,52873,eval_eligible
FBC,180.0,139,25230,excluded
FBHS,361.0,139,49066,eval_eligible
FCFS,162.0,139,24027,excluded
FCN,131.0,139,20918,excluded
FCPT,186.0,139,27368,excluded
FCX,389.0,139,53648,eval_eligible
FEYE,381.0,139,52078,eval_eligible
FFBC,187.0,139,26969,excluded
FFIN,200.0,139,29032,excluded
FFIV,293.0,139,40375,train_only
FG,295.0,139,40141,train_only
FGEN,281.0,139,38857,train_only
FHB,260.0,139,36942,excluded
FHI,243.0,139,35083,excluded
FHN,385.0,139,52668,eval_eligible
FIBK,122.0,139,19038,excluded
FICO,141.0,139,21707,excluded
FIT,387.0,139,53030,eval_eligible
FIVE,350.0,139,46728,eval_eligible
FIX,154.0,139,23426,excluded
FIZZ,226.0,139,31750,excluded
FL,387.0,139,52899,eval_eligible
FLEX,379.0,139,51861,eval_eligible
FLIR,264.0,139,38177,excluded
FLO,327.0,139,45337,train_only
FLS,310.0,139,42377,train_only
FMBI,240.0,139,34231,excluded
FMC,342.0,139,45703,train_only
FN,157.0,139,23077,excluded
FNB,369.0,139,50359,eval_eligible
FND,338.0,139,46228,train_only
FNF,361.0,139,49557,eval_eligible
FORM,250.0,139,34879,excluded
FOXF,119.0,139,18207,excluded
FR,305.0,139,41491,train_only
FRT,228.0,139,32469,excluded
FSLR,366.0,139,49177,eval_eligible
FSLY,344.0,139,45674,train_only
FSS,210.0,139,29170,excluded
FTCH,381.0,139,52070,eval_eligible
FTDR,225.0,139,31363,excluded
FTI,389.0,139,53393,eval_eligible
FTSV,189.0,139,26166,excluded
FUL,198.0,139,28851,excluded
FULT,316.0,139,43341,train_only
FWRD,78.0,139,12399,excluded
G,334.0,139,45463,train_only
GATX,144.0,139,21908,excluded
GBCI,175.0,139,24917,excluded
GBT,328.0,139,44633,train_only
GCP,164.0,139,25101,excluded
GDDY,362.0,139,49290,eval_eligible
GEO,331.0,139,45034,train_only
GGG,285.0,139,39891,train_only
GH,328.0,139,45031,train_only
GKOS,230.0,139,32805,excluded
GL,238.0,139,33912,excluded
GLPI,317.0,139,43449,train_only
GMED,252.0,139,35579,excluded
GNRC,302.0,139,41358,train_only
GNTX,369.0,139,50433,eval_eligible
GO,260.0,139,36647,excluded
GPC,314.0,139,43380,train_only
GPK,387.0,139,53056,eval_eligible
GPS,389.0,139,53533,eval_eligible
GRA,248.0,139,34966,excluded
GSX,329.0,139,44323,train_only
GT,385.0,139,52827,eval_eligible
GTN,276.0,139,38739,excluded
GWB,166.0,139,24979,excluded
GWRE,310.0,139,42060,train_only
H,269.0,139,38143,excluded
HAE,201.0,139,28868,excluded
HAIN,291.0,139,39510,train_only
HAL,389.0,139,53614,eval_eligible
HALO,347.0,139,46004,train_only
HAS,361.0,139,47919,eval_eligible
HASI,198.0,139,29425,excluded
HBI,389.0,139,53432,eval_eligible
HCSG,273.0,139,38508,excluded
HDS,351.0,139,47156,eval_eligible
HE,221.0,139,31673,excluded
HEI,266.0,139,37945,excluded
HELE,95.0,139,15194,excluded
HES,387.0,139,53093,eval_eligible
HFC,381.0,139,52060,eval_eligible
HHC,111.0,139,17988,excluded
HI,267.0,139,37080,excluded
HIG,383.0,139,52514,eval_eligible
HII,156.0,139,24439,excluded
HIW,300.0,139,40710,train_only
HLF,318.0,139,43582,train_only
HLI,173.0,139,25485,excluded
HMSY,248.0,139,35317,excluded
HOG,377.0,139,51631,eval_eligible
HOLX,379.0,139,51658,eval_eligible
HOMB,261.0,139,37684,excluded
HOPE,267.0,139,37582,excluded
HP,383.0,139,52549,eval_eligible
HPP,303.0,139,41281,train_only
HQY,322.0,139,44372,train_only
HR,366.0,139,49853,eval_eligible
HRB,385.0,139,52821,eval_eligible
HRC,213.0,139,31538,excluded
HSIC,343.0,139,47466,train_only
HST,389.0,139,53495,eval_eligible
HTA,366.0,139,49853,eval_eligible
HTH,206.0,139,30880,excluded
HTHT,348.0,139,47135,train_only
HTLD,163.0,139,24033,excluded
HUBB,161.0,139,24143,excluded
HUBG,143.0,139,20351,excluded
HUBS,300.0,139,40480,train_only
HUN,377.0,139,51359,eval_eligible
HWC,250.0,139,35587,excluded
HXL,286.0,139,38844,train_only
HZNP,365.5,138,49277,eval_eligible
IAA,304.0,139,41326,train_only
IART,223.0,139,32500,excluded
IBKC,208.0,139,28521,excluded
IBOC,103.0,139,16180,excluded
IBTX,185.0,139,26512,excluded
ICLR,167.0,139,23799,excluded
ICPT,272.0,139,37533,excluded
ICUI,104.0,139,15686,excluded
IDA,165.0,139,24005,excluded
IDCC,169.0,139,24257,excluded
IEX,228.0,139,31671,excluded
IIVI,375.0,139,50264,eval_eligible
INDB,72.0,139,12378,excluded
INGR,249.0,139,34806,excluded
INO,280.0,139,38874,train_only
INOV,221.0,139,31083,excluded
INSM,337.0,139,45427,train_only
INST,258.0,139,36243,excluded
INT,222.0,139,31943,excluded
IONS,343.0,139,46459,train_only
IPG,383.0,139,52591,eval_eligible
IPGP,245.0,139,33560,excluded
IPHI,319.0,139,42969,train_only
IR,342.0,139,46778,train_only
IRDM,300.0,139,41045,train_only
IRM,385.0,139,52592,eval_eligible
IRTC,192.0,139,27023,excluded
IRWD,368.0,139,49500,eval_eligible
ISBC,360.0,139,48421,eval_eligible
IT,240.0,139,35146,excluded
ITGR,119.0,139,17636,excluded
ITRI,156.0,139,22817,excluded
ITT,274.0,139,37783,excluded
IVZ,389.0,139,53489,eval_eligible
JAZZ,254.0,139,36217,excluded
JBGS,214.0,139,30261,excluded
JBHT,329.0,139,44292,train_only
JBL,364.0,139,49633,eval_eligible
JBLU,389.0,139,53419,eval_eligible
JCOM,207.0,139,30328,excluded
JEF,365.0,139,49569,eval_eligible
JHG,349.0,139,47131,train_only
JJSF,51.0,139,8456,excluded
JLL,157.0,139,24217,excluded
JNPR,387.0,139,53097,eval_eligible
JWN,387.0,139,53215,eval_eligible
KALU,79.0,139,12119,excluded
KAR,375.0,139,51189,eval_eligible
KBR,339.0,139,45937,train_only
KEM,315.0,139,42584,train_only
KEX,233.0,139,32463,excluded
KFY,230.0,139,32135,excluded
KIM,387.0,139,53142,eval_eligible
KLIC,197.0,139,27850,excluded
KMPR,143.0,139,22180,excluded
KMT,318.0,139,42810,train_only
KMX,366.0,139,49832,eval_eligible
KN,300.0,139,40351,train_only
KNSL,100.0,139,16614,excluded
KNX,369.0,139,50322,eval_eligible
KPTI,341.0,139,46331,train_only
KRC,241.0,139,33912,excluded
KSS,389.0,139,53407,eval_eligible
KTB,276.0,139,38045,excluded
KTOS,316.0,139,44134,train_only
L,344.0,139,47281,train_only
LAD,118.0,139,18588,excluded
LAMR,185.0,139,28002,excluded
LANC,77.0,139,11937,excluded
LAUR,332.0,139,44890,train_only
LAZ,293.0,139,39304,train_only
LBTYA,373.0,139,50728,eval_eligible
LEA,283.0,139,39455,train_only
LECO,200.0,139,28497,excluded
LEG,359.0,139,48574,eval_eligible
LEN,389.0,139,53269,eval_eligible
LEVI,328.0,139,44262,train_only
LFUS,84.0,139,12526,excluded
LHCG,132.0,139,19980,excluded
LII,181.0,139,27015,excluded
LITE,371.0,139,49878,eval_eligible
LIVN,200.0,139,29825,excluded
LK,389.0,139,52100,eval_eligible
LKQ,375.0,139,50916,eval_eligible
LM,295.0,139,40557,train_only
LMNX,125.0,139,19880,excluded
LNC,377.0,139,51509,eval_eligible
LOGM,255.0,139,36071,excluded
LOPE,241.0,139,34618,excluded
LPLA,286.0,139,40433,train_only
LPX,360.0,139,49123,eval_eligible
LSCC,369.0,139,49785,eval_eligible
LSI,199.0,139,27989,excluded
LSTR,175.0,139,26041,excluded
LTC,148.0,139,22946,excluded
LVGO,332.0,139,44367,train_only
LW,333.0,139,45651,train_only
LXP,357.0,139,48315,eval_eligible
LYFT,389.0,139,53561,eval_eligible
LYV,355.0,139,48163,eval_eligible
M,389.0,139,53572,eval_eligible
MAN,219.0,139,31561,excluded
MANH,247.0,139,34768,excluded
MANT,82.0,139,13946,excluded
MAS,387.0,139,52991,eval_eligible
MASI,175.0,139,25157,excluded
MAT,386.0,139,52955,eval_eligible
MC,257.0,139,36118,excluded
MCY,126.0,139,18958,excluded
MDC,261.0,139,36777,excluded
MDLA,333.0,139,44824,train_only
MDU,341.0,139,47003,train_only
MEDP,176.0,139,24932,excluded
MGM,389.0,139,53354,eval_eligible
MGP,328.0,139,43958,train_only
MHK,317.0,139,42679,train_only
MIC,258.0,139,36801,excluded
MIDD,171.0,139,26366,excluded
MIME,286.0,139,38624,train_only
MKSI,234.0,139,32649,excluded
MLCO,368.0,139,50101,eval_eligible
MLM,261.0,139,36424,excluded
MLNX,197.0,139,29033,excluded
MMP,322.0,139,44452,train_only
MMS,203.0,139,29728,excluded
MMSI,309.0,139,42017,train_only
MNRO,172.0,139,25744,excluded
MNTA,308.0,139,40691,train_only
MOH,271.0,139,37322,excluded
MOMO,385.0,139,52563,eval_eligible
MOS,389.0,139,53463,eval_eligible
MPLX,383.0,139,51736,eval_eligible
MPW,387.0,139,53141,eval_eligible
MPWR,189.0,139,27721,excluded
MRCY,223.0,139,31390,excluded
MRO,389.0,139,53499,eval_eligible
MRTX,243.0,139,34313,excluded
MSM,253.0,139,35607,excluded
MTG,378.0,139,51580,eval_eligible
MTH,279.0,139,37991,excluded
MTN,169.0,139,25759,excluded
MTSI,241.0,139,33821,excluded
MTZ,339.0,139,45521,train_only
MUSA,185.0,139,28316,excluded
MWA,293.0,139,40141,train_only
MYL,389.0,139,53557,eval_eligible
MYOK,198.0,139,28413,excluded
NATI,255.0,139,36151,excluded
NAV,224.0,139,33161,excluded
NBIX,327.0,139,43515,train_only
NBL,389.0,139,53468,eval_eligible
NCLH,381.0,139,51626,eval_eligible
NCR,314.0,139,42416,train_only
NDSN,128.0,139,19153,excluded
NEOG,106.0,139,16257,excluded
NET,329.0,131,41705,train_only
NEWR,322.0,139,43532,train_only
NFG,284.0,139,39529,train_only
NGVT,194.0,139,28052,excluded
NHI,138.0,139,21327,excluded
NI,385.0,139,52894,eval_eligible
NIO,389.0,139,53518,eval_eligible
NJR,272.0,139,38061,excluded
NKTR,385.0,139,52596,eval_eligible
NLOK,387.0,94,35582,eval_eligible
NLSN,382.0,139,52259,eval_eligible
NNN,323.0,139,44479,train_only
NOMD,301.0,139,40606,train_only
NOV,389.0,139,53447,eval_eligible
NRG,385.0,139,52801,eval_eligible
NRZ,385.0,139,52519,eval_eligible
NSA,190.0,139,27318,excluded
NSIT,182.0,139,26696,excluded
NSP,256.0,139,36227,excluded
NTAP,387.0,139,53149,eval_eligible
NTCT,236.0,139,33900,excluded
NTNX,387.0,139,53010,eval_eligible
NTRA,290.0,139,40083,train_only
NUAN,379.0,139,51656,eval_eligible
NUE,383.0,139,52593,eval_eligible
NUVA,191.0,139,28730,excluded
NVCR,326.0,139,44584,train_only
NVRO,199.0,139,29104,excluded
NVST,365.0,128,42768,eval_eligible
NVT,342.0,139,46477,train_only
NWBI,250.0,139,35359,excluded
NWE,184.0,139,26192,excluded
NWL,389.0,139,53376,eval_eligible
NWN,107.0,139,16490,excluded
NWSA,371.0,139,50913,eval_eligible
NXST,247.0,139,34827,excluded
NYCB,385.0,139,52640,eval_eligible
NYT,352.0,139,47875,eval_eligible
OC,354.0,139,48013,eval_eligible
OFC,248.0,139,35006,excluded
OGE,366.0,139,49950,eval_eligible
OGS,157.0,139,23960,excluded
OHI,377.0,139,51508,eval_eligible
OKE,385.0,139,52776,eval_eligible
OLED,282.0,139,39613,train_only
OLN,385.0,139,52494,eval_eligible
OMCL,136.0,139,20273,excluded
OMF,288.0,139,39716,train_only
ON,389.0,139,53419,eval_eligible
ONB,335.0,139,45657,train_only
ONEM,301.0,35,10669,train_only
ONTO,154.0,139,22700,excluded
OPK,377.0,139,51266,eval_eligible
OR,322.0,139,43773,train_only
ORA,110.0,139,16722,excluded
ORI,368.0,139,50123,eval_eligible
OSIS,90.0,139,13894,excluded
OSK,298.0,139,40842,train_only
OUT,321.0,139,43190,train_only
OXY,389.0,139,53475,eval_eligible
OZK,338.0,139,45348,train_only
PAA,383.0,139,52218,eval_eligible
PACW,330.0,139,45042,train_only
PAG,190.0,139,27314,excluded
PAGS,377.0,139,50880,eval_eligible
PB,280.0,139,37917,train_only
PBCT,387.0,139,52999,eval_eligible
PBH,207.0,139,30475,excluded
PCG,389.0,139,53370,eval_eligible
PCH,187.0,139,26870,excluded
PCRX,270.0,139,37675,excluded
PCTY,210.0,139,29630,excluded
PD,310.0,139,41767,train_only
PDCO,338.0,139,46436,train_only
PDM,303.0,139,41633,train_only
PE,389.0,139,53494,eval_eligible
PEGA,173.0,139,24501,excluded
PEN,219.0,139,30718,excluded
PFGC,291.0,139,40425,train_only
PFSI,220.0,139,32097,excluded
PGNY,280.0,101,27357,train_only
PGRE,350.0,139,47323,eval_eligible
PHM,388.0,139,53238,eval_eligible
PII,294.0,139,40142,train_only
PINC,312.0,139,42177,train_only
PING,280.0,127,33477,train_only
PINS,389.0,139,53409,eval_eligible
PK,383.0,139,52311,eval_eligible
PKG,319.0,139,43281,train_only
PKI,289.0,139,39690,train_only
PLAN,380.0,139,51421,eval_eligible
PLNT,346.0,139,47135,train_only
PLXS,101.0,139,15480,excluded
PNFP,216.0,139,31256,excluded
PNM,240.0,139,33758,excluded
PNR,345.0,139,46274,train_only
PNW,348.0,139,47448,train_only
PODD,295.0,139,40627,train_only
POOL,125.0,139,19371,excluded
POR,298.0,139,40694,train_only
POST,264.0,139,36864,excluded
POWI,104.0,139,17278,excluded
PPC,328.0,139,44116,train_only
PPD,335.0,31,10080,train_only
PRAA,124.0,139,19851,excluded
PRAH,233.0,139,31808,excluded
PRGO,341.0,139,46444,train_only
PRGS,178.0,139,25468,excluded
PRI,103.0,139,17097,excluded
PRNB,134.0,139,19410,excluded
PRSP,306.0,139,41522,train_only
PS,363.0,139,48601,eval_eligible
PSMT,112.0,139,17328,excluded
PSTG,385.0,139,52450,eval_eligible
PSXP,188.0,139,27213,excluded
PTC,333.0,139,44673,train_only
PTCT,297.0,139,39297,train_only
PTON,387.0,122,46367,eval_eligible
PVH,358.0,139,47828,eval_eligible
PWR,355.0,139,48606,eval_eligible
PXD,379.0,139,51901,eval_eligible
PZZA,307.0,139,42893,train_only
QDEL,131.0,139,20235,excluded
QGEN,364.0,139,48775,eval_eligible
QLYS,182.0,139,26407,excluded
QRTEA,386.0,139,53013,eval_eligible
QRVO,377.0,139,50921,eval_eligible
QTS,241.0,139,33522,excluded
QTWO,231.0,139,32846,excluded
QURE,243.0,139,33836,excluded
R,300.0,139,40806,train_only
RAD,371.0,139,49785,eval_eligible
RAMP,274.0,139,37611,excluded
RARE,252.0,139,35013,excluded
RBC,54.0,139,8306,excluded
RCL,377.0,139,51461,eval_eligible
RDN,350.0,139,47533,eval_eligible
REG,319.0,139,42968,train_only
REXR,286.0,139,38745,train_only
REYN,291.0,35,10036,train_only
RF,389.0,139,53526,eval_eligible
RGA,170.0,139,26919,excluded
RGEN,236.0,139,33768,excluded
RGLD,293.0,139,40138,train_only
RH,340.0,139,45446,train_only
RHI,341.0,139,46297,train_only
RL,360.0,139,48085,eval_eligible
RMBS,260.0,139,36373,excluded
RNR,151.0,139,22532,excluded
RNST,127.0,139,19092,excluded
ROCK,118.0,139,18823,excluded
ROKU,389.0,139,53714,eval_eligible
RP,255.0,139,36151,excluded
RPM,284.0,139,39734,train_only
RS,248.0,139,34776,excluded
RUN,373.0,139,51108,eval_eligible
RXN,305.0,139,41030,train_only
RYN,242.0,139,34692,excluded
SABR,346.0,139,47099,train_only
SAFM,210.0,139,30009,excluded
SAIA,189.0,139,26644,excluded
SAIC,214.0,139,30304,excluded
SAIL,328.0,139,44210,train_only
SANM,211.0,139,29101,excluded
SATS,206.0,139,29645,excluded
SBGI,346.0,139,46687,train_only
SBH,365.0,139,49572,eval_eligible
SBNY,208.0,139,29960,excluded
SBRA,365.0,139,50212,eval_eligible
SC,324.0,139,44517,train_only
SCI,315.0,139,43211,train_only
SDC,387.0,132,50108,eval_eligible
SDGR,342.0,31,10524,train_only
SEDG,351.0,139,47477,eval_eligible
SEE,348.0,139,46970,train_only
SEM,289.0,139,38757,train_only
SERV,351.0,139,45748,eval_eligible
SF,214.0,139,30261,excluded
SFIX,379.0,139,51466,eval_eligible
SFM,366.0,139,49099,eval_eligible
SFNC,249.0,139,35349,excluded
SHAK,362.0,139,48533,eval_eligible
SHEN,121.0,139,18482,excluded
SHLX,248.0,139,35338,excluded
SHO,371.0,139,50496,eval_eligible
SHOO,297.0,139,40768,train_only
SIGI,161.0,139,23849,excluded
SIMO,154.0,139,23504,excluded
SINA,282.0,139,39439,train_only
SITE,200.0,139,28180,excluded
SIVB,250.0,139,34885,excluded
SJI,273.0,139,37310,excluded
SKX,374.0,139,50877,eval_eligible
SLAB,144.0,139,21978,excluded
SLG,317.0,139,42698,train_only
SLM,381.0,139,51786,eval_eligible
SMAR,365.0,139,49291,eval_eligible
SMG,236.0,139,33216,excluded
SMTC,217.0,139,32582,excluded
SNA,210.0,139,30529,excluded
SNDR,220.0,139,31409,excluded
SNV,369.0,139,50195,eval_eligible
SNX,202.0,139,28393,excluded
SON,227.0,139,32961,excluded
SPB,257.0,139,35878,excluded
SPCE,373.0,139,44606,eval_eligible
SPR,343.0,139,46408,train_only
SPSC,118.0,139,18254,excluded
SPXC,174.0,139,24938,excluded
SR,151.0,139,22982,excluded
SRC,315.0,139,42925,train_only
SRCL,291.0,139,40602,train_only
SRPT,350.0,139,47230,eval_eligible
SSB,97.0,139,17042,excluded
SSD,149.0,139,22205,excluded
SSNC,375.0,139,51183,eval_eligible
SSRM,344.0,139,46888,train_only
STAG,324.0,139,44578,train_only
STAY,359.0,139,48624,eval_eligible
STL,363.0,139,49646,eval_eligible
STLD,381.0,139,52144,eval_eligible
STMP,215.0,139,31201,excluded
STNE,371.0,139,50062,eval_eligible
STOR,377.0,139,51292,eval_eligible
STRA,79.0,139,11890,excluded
STWD,357.0,139,49128,eval_eligible
SVMK,310.0,139,41739,train_only
SWCH,314.0,139,41956,train_only
SWI,254.0,139,33917,excluded
SWN,389.0,139,53620,eval_eligible
SWX,170.0,139,24765,excluded
SXT,143.0,139,22443,excluded
SYF,389.0,139,53534,eval_eligible
SYNA,300.0,139,40725,train_only
SYNH,236.0,139,34588,excluded
TAP,376.0,139,51648,eval_eligible
TCBI,244.0,139,33649,excluded
TCF,326.0,139,44731,train_only
TCO,306.0,139,41799,train_only
TDC,349.0,139,47761,train_only
TDOC,369.0,139,49677,eval_eligible
TDS,287.0,139,40029,train_only
TDY,139.0,139,20573,excluded
TECD,228.0,139,33156,excluded
TECH,81.0,139,13176,excluded
TECK,385.0,139,52780,eval_eligible
TENB,253.0,139,35092,excluded
TER,383.0,139,52146,eval_eligible
TERP,341.0,139,46369,train_only
TGNA,362.0,139,49293,eval_eligible
THC,359.0,139,48231,eval_eligible
THG,154.0,139,22789,excluded
THO,323.0,139,44348,train_only
THS,223.0,139,32564,excluded
TKR,277.0,139,38948,excluded
TNET,205.0,139,30070,excluded
TOL,381.0,139,51677,eval_eligible
TPR,389.0,139,53480,eval_eligible
TPTX,182.0,139,25771,excluded
TPX,317.0,139,43037,train_only
TREE,65.0,139,11224,excluded
TREX,268.0,139,37267,excluded
TRGP,381.0,139,52201,eval_eligible
TRIP,385.0,139,52453,eval_eligible
TRMB,333.0,139,45302,train_only
TRMK,128.0,139,20494,excluded
TRN,360.0,139,49078,eval_eligible
TRNO,181.0,139,26572,excluded
TRTN,178.0,139,26393,excluded
TSCO,376.0,139,51266,eval_eligible
TTC,208.0,139,30018,excluded
TTEC,86.0,139,13185,excluded
TTEK,163.0,139,23491,excluded
TW,265.0,139,36662,excluded
TWO,358.0,139,48690,eval_eligible
TXRH,333.0,139,44550,train_only
TXT,374.0,139,51257,eval_eligible
UAA,389.0,139,53407,eval_eligible
UAL,387.0,139,52864,eval_eligible
UBSI,225.0,139,32970,excluded
UCBI,191.0,139,27765,excluded
UE,297.0,139,41568,train_only
UFPI,172.0,139,25818,excluded
UFS,334.0,139,44437,train_only
UGI,364.0,139,49596,eval_eligible
UHS,277.0,139,38433,excluded
UI,160.0,139,22897,excluded
ULTA,368.0,139,49431,eval_eligible
UMBF,103.0,139,16144,excluded
UMPQ,359.0,139,49077,eval_eligible
UNIT,358.0,139,48704,eval_eligible
UNM,379.0,139,51915,eval_eligible
UNVR,345.0,139,46821,train_only
URBN,385.0,139,52243,eval_eligible
URI,371.0,139,50185,eval_eligible
USFD,356.0,139,48443,eval_eligible
UTHR,247.0,139,34940,excluded
VAC,180.0,139,26932,excluded
VC,203.0,139,29105,excluded
VER,387.0,139,53251,eval_eligible
VG,379.0,139,51881,eval_eligible
VGR,329.0,139,44340,train_only
VIAC,389.0,73,28155,eval_eligible
VIAV,367.0,139,49821,eval_eligible
VICI,385.0,139,52455,eval_eligible
VIPS,387.0,139,53038,eval_eligible
VIRT,307.0,139,42529,train_only
VLY,371.0,139,50701,eval_eligible
VNO,354.0,139,48123,eval_eligible
VOYA,359.0,139,48175,eval_eligible
VRNS,161.0,139,23749,excluded
VRNT,258.0,139,35914,excluded
VSAT,169.0,139,25875,excluded
VSH,326.0,139,44771,train_only
VST,387.0,139,53199,eval_eligible
VTR,387.0,139,52934,eval_eligible
VVV,332.0,139,45346,train_only
W,378.0,139,51754,eval_eligible
WAB,363.0,139,49513,eval_eligible
WAFD,189.0,139,27987,excluded
WAL,317.0,139,42543,train_only
WB,375.0,139,50561,eval_eligible
WBS,280.0,139,37471,train_only
WDC,389.0,139,53621,eval_eligible
WEN,385.0,139,52930,eval_eligible
WERN,275.0,139,37404,excluded
WES,336.0,139,45469,train_only
WEX,175.0,139,27280,excluded
WH,294.0,139,40903,train_only
WHR,322.0,139,43871,train_only
WING,253.0,139,34771,excluded
WIX,260.0,139,36942,excluded
WK,160.0,139,24419,excluded
WLK,276.0,139,37785,excluded
WMGI,369.0,139,50065,eval_eligible
WMS,216.0,139,30330,excluded
WOR,135.0,139,19607,excluded
WPC,307.0,139,41048,train_only
WRE,194.0,139,27321,excluded
WRI,327.0,139,44416,train_only
WRK,385.0,139,52724,eval_eligible
WSBC,149.0,139,21267,excluded
WSFS,123.0,139,17804,excluded
WSM,343.0,139,46783,train_only
WSO,133.0,139,20749,excluded
WTFC,214.0,139,30636,excluded
WTRG,363.0,139,49492,eval_eligible
WU,389.0,139,53494,eval_eligible
WUBA,276.0,139,38694,excluded
WWD,216.0,139,31253,excluded
WWE,347.0,139,47190,train_only
WWW,282.0,139,38484,train_only
WYND,267.0,139,37839,excluded
WYNN,377.0,139,51480,eval_eligible
XEC,383.0,139,52270,eval_eligible
XP,336.0,69,21552,train_only
XPO,331.0,139,44939,train_only
XRAY,360.0,139,48983,eval_eligible
XRX,372.0,139,51018,eval_eligible
YELP,316.0,139,42859,train_only
YETI,360.0,139,48335,eval_eligible
YEXT,321.0,139,43708,train_only
YY,313.0,139,42634,train_only
ZEN,375.0,139,50711,eval_eligible
ZG,300.0,139,40357,train_only
ZION,385.0,139,52606,eval_eligible
ZNGA,389.0,139,53618,eval_eligible
ZS,385.0,139,52406,eval_eligible
